AL,g01002100
AL,g01002600
AL,g01002400
AL,g01001700
AL,g01000800
AL,g01002300
AL,g01001100
AL,g01001800
AL,g01001000
AL,g01002200
AL,g01000100
AL,g01000700
AL,g01002500
AL,g01000400
AL,g01000900
AL,g01001400
AL,g01001302
AL,g01001301
AL,g01001303
AL,g01001304
AL,g01001305
AL,g01000600
AL,g01001900
AL,g01000200
AL,g01000302
AL,g01000301
AL,g01000500
AL,g01002701
AL,g01002702
AL,g01002703
AL,g01002000
AL,g01001500
AL,g01001200
AL,g01001600
AK,g02000400
AK,g02000101
AK,g02000102
AK,g02000300
AK,g02000200
AZ,g04000300
AZ,g04000900
AZ,g04000400
AZ,g04000800
AZ,g04000600
AZ,g04000111
AZ,g04000112
AZ,g04000134
AZ,g04000130
AZ,g04000131
AZ,g04000132
AZ,g04000133
AZ,g04000127
AZ,g04000126
AZ,g04000123
AZ,g04000121
AZ,g04000124
AZ,g04000113
AZ,g04000114
AZ,g04000115
AZ,g04000125
AZ,g04000128
AZ,g04000110
AZ,g04000116
AZ,g04000122
AZ,g04000117
AZ,g04000118
AZ,g04000119
AZ,g04000120
AZ,g04000109
AZ,g04000108
AZ,g04000101
AZ,g04000102
AZ,g04000104
AZ,g04000103
AZ,g04000106
AZ,g04000105
AZ,g04000129
AZ,g04000107
AZ,g04000100
AZ,g04000208
AZ,g04000202
AZ,g04000207
AZ,g04000209
AZ,g04000206
AZ,g04000201
AZ,g04000204
AZ,g04000205
AZ,g04000203
AZ,g04000803
AZ,g04000805
AZ,g04000807
AZ,g04000500
AZ,g04000700
AR,g05001800
AR,g05001700
AR,g05000300
AR,g05000100
AR,g05001900
AR,g05001600
AR,g05000500
AR,g05000400
AR,g05001300
AR,g05000600
AR,g05001400
AR,g05000700
AR,g05001100
AR,g05001500
AR,g05002000
AR,g05000800
AR,g05001000
AR,g05000900
AR,g05001200
AR,g05000200
CA,g06000103
CA,g06000102
CA,g06000104
CA,g06000105
CA,g06000101
CA,g06000106
CA,g06000107
CA,g06000108
CA,g06000109
CA,g06000110
CA,g06000300
CA,g06000701
CA,g06000702
CA,g06001100
CA,g06001309
CA,g06001308
CA,g06001307
CA,g06001303
CA,g06001306
CA,g06001304
CA,g06001305
CA,g06001302
CA,g06001301
CA,g06001500
CA,g06001700
CA,g06001904
CA,g06001905
CA,g06001901
CA,g06001903
CA,g06001906
CA,g06001902
CA,g06001907
CA,g06002300
CA,g06002500
CA,g06002905
CA,g06002901
CA,g06002902
CA,g06002903
CA,g06002904
CA,g06003100
CA,g06003300
CA,g06003708
CA,g06003707
CA,g06003706
CA,g06003705
CA,g06003723
CA,g06003721
CA,g06003722
CA,g06003724
CA,g06003725
CA,g06003727
CA,g06003735
CA,g06003736
CA,g06003720
CA,g06003734
CA,g06003732
CA,g06003731
CA,g06003730
CA,g06003744
CA,g06003733
CA,g06003747
CA,g06003746
CA,g06003745
CA,g06003750
CA,g06003751
CA,g06003726
CA,g06003729
CA,g06003728
CA,g06003748
CA,g06003758
CA,g06003767
CA,g06003709
CA,g06003719
CA,g06003711
CA,g06003710
CA,g06003712
CA,g06003713
CA,g06003714
CA,g06003716
CA,g06003715
CA,g06003739
CA,g06003717
CA,g06003737
CA,g06003738
CA,g06003718
CA,g06003740
CA,g06003754
CA,g06003743
CA,g06003741
CA,g06003742
CA,g06003752
CA,g06003757
CA,g06003762
CA,g06003755
CA,g06003753
CA,g06003756
CA,g06003764
CA,g06003765
CA,g06003763
CA,g06003766
CA,g06003769
CA,g06003768
CA,g06003749
CA,g06003759
CA,g06003760
CA,g06003761
CA,g06003701
CA,g06003703
CA,g06003704
CA,g06003702
CA,g06003900
CA,g06004101
CA,g06004102
CA,g06004701
CA,g06004702
CA,g06005302
CA,g06005301
CA,g06005303
CA,g06005500
CA,g06005700
CA,g06005906
CA,g06005907
CA,g06005910
CA,g06005905
CA,g06005911
CA,g06005902
CA,g06005915
CA,g06005901
CA,g06005903
CA,g06005904
CA,g06005918
CA,g06005917
CA,g06005916
CA,g06005913
CA,g06005909
CA,g06005912
CA,g06005914
CA,g06005908
CA,g06006103
CA,g06006102
CA,g06006101
CA,g06006510
CA,g06006511
CA,g06006514
CA,g06006513
CA,g06006512
CA,g06006509
CA,g06006508
CA,g06006505
CA,g06006506
CA,g06006507
CA,g06006504
CA,g06006503
CA,g06006502
CA,g06006515
CA,g06006501
CA,g06006707
CA,g06006708
CA,g06006709
CA,g06006704
CA,g06006703
CA,g06006706
CA,g06006705
CA,g06006712
CA,g06006701
CA,g06006711
CA,g06006702
CA,g06006710
CA,g06007114
CA,g06007112
CA,g06007111
CA,g06007113
CA,g06007115
CA,g06007110
CA,g06007109
CA,g06007104
CA,g06007106
CA,g06007108
CA,g06007107
CA,g06007105
CA,g06007101
CA,g06007102
CA,g06007103
CA,g06007316
CA,g06007317
CA,g06007318
CA,g06007320
CA,g06007310
CA,g06007312
CA,g06007311
CA,g06007315
CA,g06007314
CA,g06007322
CA,g06007321
CA,g06007319
CA,g06007313
CA,g06007307
CA,g06007308
CA,g06007309
CA,g06007304
CA,g06007301
CA,g06007302
CA,g06007303
CA,g06007305
CA,g06007306
CA,g06007502
CA,g06007503
CA,g06007501
CA,g06007504
CA,g06007505
CA,g06007506
CA,g06007507
CA,g06007702
CA,g06007704
CA,g06007701
CA,g06007703
CA,g06007902
CA,g06007901
CA,g06008102
CA,g06008101
CA,g06008103
CA,g06008104
CA,g06008105
CA,g06008106
CA,g06008303
CA,g06008302
CA,g06008301
CA,g06008509
CA,g06008510
CA,g06008508
CA,g06008511
CA,g06008513
CA,g06008514
CA,g06008505
CA,g06008504
CA,g06008501
CA,g06008502
CA,g06008503
CA,g06008507
CA,g06008512
CA,g06008506
CA,g06008701
CA,g06008702
CA,g06008900
CA,g06009501
CA,g06009502
CA,g06009503
CA,g06009701
CA,g06009702
CA,g06009703
CA,g06009903
CA,g06009904
CA,g06009902
CA,g06009901
CA,g06010100
CA,g06010703
CA,g06010701
CA,g06010702
CA,g06011105
CA,g06011104
CA,g06011103
CA,g06011106
CA,g06011102
CA,g06011101
CA,g06011300
CO,g08000810
CO,g08000809
CO,g08000824
CO,g08000805
CO,g08000806
CO,g08000807
CO,g08000817
CO,g08000804
CO,g08000800
CO,g08000815
CO,g08000820
CO,g08000811
CO,g08000808
CO,g08000900
CO,g08000100
CO,g08000803
CO,g08000801
CO,g08000802
CO,g08000600
CO,g08001002
CO,g08000813
CO,g08000816
CO,g08000812
CO,g08000814
CO,g08000823
CO,g08000821
CO,g08000822
CO,g08000400
CO,g08004103
CO,g08004102
CO,g08004105
CO,g08004101
CO,g08004106
CO,g08004104
CO,g08000200
CO,g08000818
CO,g08000819
CO,g08000103
CO,g08000102
CO,g08001001
CO,g08000700
CO,g08000300
CT,g09000102
CT,g09000103
CT,g09000101
CT,g09000104
CT,g09000105
CT,g09000100
CT,g09000300
CT,g09000305
CT,g09000304
CT,g09000303
CT,g09000306
CT,g09000302
CT,g09000301
CT,g09000500
CT,g09000700
CT,g09000903
CT,g09000905
CT,g09000904
CT,g09000902
CT,g09000906
CT,g09000900
CT,g09000901
CT,g09001101
CT,g09001100
CT,g09001300
CT,g09001500
DE,g10000200
DE,g10000101
DE,g10000102
DE,g10000103
DE,g10000104
DE,g10000300
DC,g11000101
DC,g11000102
DC,g11000105
DC,g11000103
DC,g11000104
FL,g12000101
FL,g12000102
FL,g12008900
FL,g12000500
FL,g12002300
FL,g12000901
FL,g12000903
FL,g12000904
FL,g12000902
FL,g12001103
FL,g12001102
FL,g12001101
FL,g12001105
FL,g12001104
FL,g12001108
FL,g12001107
FL,g12001106
FL,g12001110
FL,g12001109
FL,g12001111
FL,g12001113
FL,g12001114
FL,g12001112
FL,g12006300
FL,g12001500
FL,g12001701
FL,g12001900
FL,g12002102
FL,g12002101
FL,g12002103
FL,g12002700
FL,g12003102
FL,g12003105
FL,g12003106
FL,g12003107
FL,g12003101
FL,g12003104
FL,g12003103
FL,g12003302
FL,g12003301
FL,g12003500
FL,g12009300
FL,g12012100
FL,g12005301
FL,g12005701
FL,g12005702
FL,g12005706
FL,g12005705
FL,g12005704
FL,g12005703
FL,g12005707
FL,g12005708
FL,g12006100
FL,g12006901
FL,g12006902
FL,g12006903
FL,g12007104
FL,g12007103
FL,g12007101
FL,g12007102
FL,g12007105
FL,g12007301
FL,g12007300
FL,g12008101
FL,g12008102
FL,g12008103
FL,g12008301
FL,g12008303
FL,g12008302
FL,g12008500
FL,g12008604
FL,g12008603
FL,g12008605
FL,g12008606
FL,g12008602
FL,g12008609
FL,g12008607
FL,g12008610
FL,g12008612
FL,g12008611
FL,g12008613
FL,g12008614
FL,g12008615
FL,g12008616
FL,g12008617
FL,g12008620
FL,g12008623
FL,g12008622
FL,g12008618
FL,g12008608
FL,g12008601
FL,g12008621
FL,g12008624
FL,g12008700
FL,g12008619
FL,g12009100
FL,g12009505
FL,g12009506
FL,g12009501
FL,g12009507
FL,g12009504
FL,g12009502
FL,g12009503
FL,g12009508
FL,g12009510
FL,g12009509
FL,g12009701
FL,g12009702
FL,g12009901
FL,g12009902
FL,g12009903
FL,g12009904
FL,g12009905
FL,g12009906
FL,g12009907
FL,g12009908
FL,g12009909
FL,g12009910
FL,g12009911
FL,g12010103
FL,g12010102
FL,g12010104
FL,g12010101
FL,g12010308
FL,g12010307
FL,g12010306
FL,g12010304
FL,g12010305
FL,g12010303
FL,g12010302
FL,g12010301
FL,g12010501
FL,g12010502
FL,g12010503
FL,g12010504
FL,g12010700
FL,g12010900
FL,g12011101
FL,g12011102
FL,g12011300
FL,g12011501
FL,g12011502
FL,g12011503
FL,g12011702
FL,g12011704
FL,g12011701
FL,g12011703
FL,g12012702
FL,g12012703
FL,g12012704
FL,g12012701
GA,g13001200
GA,g13000500
GA,g13001100
GA,g13001600
GA,g13003500
GA,g13003800
GA,g13002900
GA,g13000700
GA,g13001400
GA,g13001300
GA,g13000200
GA,g13000300
GA,g13004200
GA,g13001900
GA,g13000100
GA,g13002300
GA,g13002600
GA,g13000401
GA,g13000402
GA,g13001700
GA,g13003102
GA,g13003101
GA,g13003600
GA,g13001800
GA,g13005002
GA,g13005001
GA,g13003002
GA,g13003003
GA,g13003005
GA,g13003004
GA,g13003001
GA,g13000800
GA,g13004100
GA,g13002100
GA,g13003200
GA,g13002002
GA,g13001007
GA,g13002004
GA,g13002003
GA,g13002001
GA,g13001008
GA,g13000900
GA,g13004400
GA,g13003700
GA,g13002800
GA,g13002400
GA,g13002500
GA,g13003300
GA,g13001006
GA,g13004600
GA,g13001003
GA,g13001001
GA,g13001004
GA,g13001005
GA,g13001002
GA,g13004002
GA,g13004001
GA,g13004004
GA,g13004006
GA,g13004005
GA,g13004003
GA,g13003400
GA,g13002200
GA,g13006002
GA,g13006001
GA,g13001500
GA,g13003900
GA,g13000600
GA,g13004300
GA,g13004500
GA,g13004000
GA,g13002700
HI,g15000200
HI,g15000303
HI,g15000304
HI,g15000305
HI,g15000306
HI,g15000308
HI,g15000307
HI,g15000301
HI,g15000302
HI,g15000100
ID,g16000800
ID,g16000702
ID,g16000701
ID,g16000400
ID,g16000600
ID,g16000300
ID,g16001300
ID,g16000100
ID,g16001100
ID,g16001000
ID,g16001200
ID,g16000500
ID,g16000900
ID,g16000200
IL,g17000300
IL,g17000800
IL,g17000501
IL,g17002901
IL,g17002501
IL,g17000401
IL,g17000104
IL,g17002100
IL,g17001602
IL,g17000700
IL,g17000600
IL,g17003501
IL,g17003503
IL,g17003502
IL,g17003525
IL,g17003420
IL,g17003422
IL,g17003520
IL,g17003504
IL,g17003521
IL,g17003522
IL,g17003523
IL,g17003524
IL,g17003526
IL,g17003529
IL,g17003531
IL,g17003532
IL,g17003527
IL,g17003528
IL,g17003530
IL,g17003419
IL,g17003416
IL,g17003415
IL,g17003401
IL,g17003417
IL,g17003418
IL,g17003421
IL,g17003407
IL,g17003408
IL,g17003409
IL,g17003411
IL,g17003410
IL,g17003412
IL,g17003413
IL,g17003414
IL,g17002601
IL,g17003207
IL,g17003208
IL,g17003209
IL,g17003202
IL,g17003205
IL,g17003204
IL,g17003203
IL,g17002200
IL,g17000900
IL,g17000202
IL,g17003700
IL,g17001001
IL,g17003008
IL,g17003009
IL,g17003007
IL,g17003005
IL,g17002300
IL,g17003307
IL,g17003306
IL,g17003309
IL,g17003308
IL,g17003310
IL,g17002400
IL,g17003601
IL,g17003602
IL,g17002000
IL,g17001500
IL,g17001205
IL,g17001204
IL,g17002700
IL,g17001701
IL,g17000105
IL,g17001105
IL,g17001104
IL,g17001300
IL,g17001900
IL,g17003106
IL,g17003105
IL,g17003107
IL,g17003108
IL,g17003102
IL,g17002801
IN,g18000900
IN,g18001001
IN,g18001002
IN,g18001003
IN,g18002900
IN,g18001100
IN,g18001500
IN,g18001801
IN,g18002100
IN,g18001300
IN,g18003600
IN,g18001600
IN,g18003400
IN,g18002700
IN,g18003100
IN,g18003000
IN,g18000600
IN,g18002000
IN,g18000500
IN,g18002600
IN,g18003500
IN,g18000700
IN,g18003200
IN,g18001400
IN,g18001803
IN,g18001802
IN,g18002500
IN,g18002200
IN,g18002400
IN,g18000800
IN,g18000102
IN,g18000101
IN,g18000103
IN,g18000104
IN,g18000300
IN,g18001900
IN,g18002301
IN,g18002302
IN,g18002303
IN,g18002304
IN,g18002305
IN,g18002306
IN,g18002307
IN,g18002800
IN,g18000200
IN,g18000401
IN,g18000402
IN,g18001200
IN,g18003300
IN,g18001700
IA,g19001800
IA,g19000400
IA,g19001200
IA,g19000500
IA,g19001300
IA,g19000700
IA,g19001900
IA,g19000600
IA,g19002100
IA,g19000800
IA,g19000200
IA,g19000100
IA,g19001500
IA,g19001400
IA,g19002200
IA,g19002300
IA,g19001100
IA,g19001000
IA,g19002000
IA,g19001700
IA,g19001600
IA,g19000900
KS,g20001400
KS,g20000400
KS,g20001100
KS,g20000802
KS,g20001302
KS,g20001304
KS,g20000900
KS,g20001500
KS,g20000100
KS,g20001200
KS,g20000200
KS,g20000700
KS,g20000300
KS,g20001301
KS,g20000602
KS,g20000601
KS,g20000603
KS,g20000604
KS,g20001000
KS,g20001303
KS,g20000801
KS,g20000500
KY,g21000600
KY,g21000400
KY,g21002000
KY,g21000100
KY,g21002700
KY,g21000900
KY,g21002500
KY,g21002300
KY,g21002800
KY,g21002100
KY,g21001000
KY,g21001300
KY,g21001600
KY,g21000200
KY,g21002600
KY,g21000300
KY,g21000800
KY,g21001500
KY,g21002200
KY,g21001901
KY,g21001902
KY,g21001100
KY,g21001200
KY,g21001400
KY,g21001800
KY,g21001701
KY,g21001706
KY,g21001702
KY,g21001703
KY,g21001704
KY,g21001705
KY,g21002400
KY,g21000700
KY,g21000500
LA,g22001100
LA,g22000800
LA,g22001600
LA,g22002000
LA,g22000600
LA,g22000300
LA,g22000200
LA,g22000100
LA,g22000101
LA,g22000900
LA,g22000500
LA,g22001502
LA,g22001501
LA,g22001500
LA,g22001400
LA,g22001000
LA,g22001300
LA,g22002301
LA,g22002300
LA,g22002302
LA,g22002500
LA,g22001201
LA,g22001200
LA,g22001700
LA,g22002402
LA,g22002400
LA,g22002401
LA,g22000400
LA,g22000700
LA,g22001900
LA,g22002200
LA,g22002201
LA,g22001800
LA,g22002100
ME,g23000600
ME,g23000100
ME,g23001000
ME,g23000900
ME,g23000700
ME,g23000800
ME,g23000200
ME,g23000500
ME,g23000400
ME,g23000300
MD,g24000100
MD,g24001204
MD,g24001201
MD,g24001202
MD,g24001203
MD,g24000507
MD,g24000503
MD,g24000501
MD,g24000502
MD,g24000505
MD,g24000504
MD,g24000506
MD,g24001500
MD,g24001300
MD,g24000400
MD,g24000700
MD,g24001600
MD,g24000301
MD,g24000302
MD,g24000601
MD,g24000602
MD,g24000902
MD,g24000901
MD,g24001001
MD,g24001002
MD,g24001003
MD,g24001004
MD,g24001005
MD,g24001006
MD,g24001007
MD,g24001102
MD,g24001105
MD,g24001106
MD,g24001107
MD,g24001104
MD,g24001103
MD,g24001101
MD,g24001400
MD,g24000200
MD,g24000804
MD,g24000803
MD,g24000802
MD,g24000801
MD,g24000805
MA,g25004800
MA,g25004700
MA,g25000100
MA,g25004901
MA,g25004303
MA,g25004301
MA,g25004200
MA,g25004302
MA,g25004500
MA,g25000704
MA,g25000703
MA,g25002800
MA,g25001000
MA,g25000702
MA,g25000701
MA,g25001300
MA,g25000200
MA,g25001900
MA,g25001600
MA,g25001902
MA,g25001901
MA,g25000400
MA,g25000502
MA,g25000501
MA,g25002400
MA,g25000504
MA,g25001400
MA,g25000503
MA,g25000505
MA,g25000508
MA,g25000507
MA,g25000506
MA,g25003500
MA,g25003400
MA,g25003602
MA,g25003601
MA,g25003603
MA,g25003900
MA,g25004000
MA,g25004902
MA,g25004903
MA,g25003301
MA,g25003302
MA,g25003303
MA,g25003304
MA,g25003305
MA,g25003306
MA,g25000301
MA,g25000303
MA,g25000302
MA,g25000300
MA,g25000304
MI,g26000300
MI,g26000200
MI,g26000900
MI,g26000400
MI,g26001300
MI,g26000100
MI,g26002000
MI,g26001400
MI,g26000500
MI,g26002400
MI,g26002200
MI,g26002300
MI,g26001200
MI,g26001900
MI,g26001703
MI,g26001704
MI,g26001702
MI,g26001701
MI,g26002500
MI,g26001600
MI,g26001802
MI,g26001801
MI,g26001100
MI,g26002600
MI,g26002102
MI,g26002101
MI,g26001002
MI,g26001004
MI,g26001003
MI,g26001001
MI,g26000600
MI,g26002800
MI,g26003001
MI,g26003002
MI,g26003003
MI,g26003004
MI,g26003005
MI,g26003006
MI,g26003300
MI,g26000700
MI,g26002902
MI,g26002901
MI,g26002905
MI,g26002904
MI,g26002906
MI,g26002907
MI,g26002908
MI,g26002903
MI,g26000802
MI,g26000801
MI,g26001500
MI,g26003100
MI,g26002702
MI,g26002703
MI,g26002701
MI,g26003210
MI,g26003213
MI,g26003211
MI,g26003212
MI,g26003209
MI,g26003208
MI,g26003202
MI,g26003201
MI,g26003204
MI,g26003203
MI,g26003207
MI,g26003206
MI,g26003205
MN,g27000300
MN,g27001101
MN,g27001103
MN,g27001102
MN,g27000200
MN,g27001000
MN,g27000800
MN,g27002200
MN,g27002000
MN,g27000400
MN,g27001700
MN,g27000600
MN,g27000100
MN,g27002100
MN,g27000700
MN,g27001501
MN,g27001503
MN,g27001502
MN,g27002400
MN,g27002600
MN,g27002300
MN,g27001405
MN,g27001407
MN,g27001406
MN,g27001404
MN,g27001408
MN,g27001410
MN,g27001409
MN,g27001402
MN,g27001403
MN,g27001401
MN,g27001900
MN,g27002500
MN,g27001304
MN,g27001303
MN,g27001301
MN,g27001302
MN,g27000500
MN,g27001600
MN,g27000900
MN,g27001201
MN,g27001202
MN,g27001800
MS,g28001600
MS,g28000200
MS,g28000700
MS,g28000800
MS,g28000400
MS,g28000600
MS,g28001500
MS,g28000300
MS,g28001200
MS,g28001700
MS,g28000100
MS,g28001800
MS,g28001900
MS,g28002000
MS,g28001100
MS,g28001000
MS,g28002100
MS,g28001400
MS,g28000500
MS,g28000900
MS,g28001300
MO,g29000300
MO,g29000200
MO,g29000100
MO,g29000400
MO,g29002700
MO,g29001200
MO,g29001100
MO,g29001300
MO,g29002200
MO,g29000600
MO,g29002400
MO,g29000800
MO,g29000500
MO,g29001400
MO,g29000700
MO,g29002601
MO,g29000902
MO,g29000901
MO,g29000903
MO,g29001500
MO,g29002500
MO,g29002300
MO,g29001600
MO,g29002602
MO,g29002603
MO,g29001001
MO,g29001005
MO,g29001002
MO,g29001003
MO,g29001004
MO,g29002800
MO,g29002001
MO,g29002002
MO,g29002100
MO,g29001703
MO,g29001701
MO,g29001702
MO,g29001801
MO,g29001802
MO,g29001803
MO,g29001804
MO,g29001805
MO,g29001806
MO,g29001807
MO,g29001808
MO,g29001902
MO,g29001901
MT,g30000300
MT,g30000600
MT,g30000400
MT,g30000500
MT,g30000100
MT,g30000200
MT,g30000700
NE,g31000500
NE,g31000200
NE,g31000400
NE,g31000100
NE,g31000300
NE,g31000600
NE,g31000701
NE,g31000903
NE,g31000904
NE,g31000901
NE,g31000902
NE,g31000801
NE,g31000802
NE,g31000702
NV,g32000300
NV,g32000406
NV,g32000405
NV,g32000410
NV,g32000409
NV,g32000413
NV,g32000407
NV,g32000408
NV,g32000401
NV,g32000402
NV,g32000403
NV,g32000404
NV,g32000411
NV,g32000412
NV,g32000200
NV,g32000101
NV,g32000102
NV,g32000103
NH,g33000200
NH,g33000300
NH,g33000500
NH,g33000100
NH,g33000800
NH,g33000700
NH,g33000900
NH,g33000600
NH,g33000400
NH,g33001000
NJ,g34000101
NJ,g34000102
NJ,g34002600
NJ,g34000306
NJ,g34000305
NJ,g34000307
NJ,g34000301
NJ,g34000302
NJ,g34000303
NJ,g34000304
NJ,g34000308
NJ,g34002001
NJ,g34002002
NJ,g34002003
NJ,g34002101
NJ,g34002104
NJ,g34002102
NJ,g34002103
NJ,g34002400
NJ,g34002500
NJ,g34001301
NJ,g34001302
NJ,g34001402
NJ,g34001401
NJ,g34001403
NJ,g34001404
NJ,g34002201
NJ,g34002202
NJ,g34000601
NJ,g34000602
NJ,g34000703
NJ,g34000701
NJ,g34000702
NJ,g34000800
NJ,g34002301
NJ,g34002303
NJ,g34002302
NJ,g34000903
NJ,g34000906
NJ,g34000904
NJ,g34000905
NJ,g34000907
NJ,g34000902
NJ,g34000901
NJ,g34001104
NJ,g34001105
NJ,g34001103
NJ,g34001101
NJ,g34001106
NJ,g34001102
NJ,g34001503
NJ,g34001501
NJ,g34001504
NJ,g34001502
NJ,g34001205
NJ,g34001203
NJ,g34001204
NJ,g34001202
NJ,g34001201
NJ,g34000503
NJ,g34000502
NJ,g34000501
NJ,g34000400
NJ,g34001003
NJ,g34001001
NJ,g34001002
NJ,g34001600
NJ,g34001800
NJ,g34001901
NJ,g34001904
NJ,g34001902
NJ,g34001903
NJ,g34001700
NM,g35000801
NM,g35000802
NM,g35000804
NM,g35000803
NM,g35000806
NM,g35000700
NM,g35000805
NM,g35000900
NM,g35001100
NM,g35000100
NM,g35000400
NM,g35001002
NM,g35001001
NM,g35001200
NM,g35000300
NM,g35000600
NM,g35000200
NM,g35000500
NY,g36002001
NY,g36002002
NY,g36002500
NY,g36003710
NY,g36003709
NY,g36003707
NY,g36003708
NY,g36003705
NY,g36003703
NY,g36003704
NY,g36003706
NY,g36003701
NY,g36003702
NY,g36002201
NY,g36002202
NY,g36002203
NY,g36000704
NY,g36002600
NY,g36002401
NY,g36002402
NY,g36000200
NY,g36002100
NY,g36001500
NY,g36002801
NY,g36002802
NY,g36001205
NY,g36001206
NY,g36001201
NY,g36001202
NY,g36001204
NY,g36001207
NY,g36001203
NY,g36001600
NY,g36001000
NY,g36000403
NY,g36000401
NY,g36000500
NY,g36004004
NY,g36004012
NY,g36004013
NY,g36004005
NY,g36004014
NY,g36004006
NY,g36004017
NY,g36004011
NY,g36004003
NY,g36004002
NY,g36004007
NY,g36004018
NY,g36004016
NY,g36004001
NY,g36004015
NY,g36004009
NY,g36004010
NY,g36004008
NY,g36001300
NY,g36000903
NY,g36000902
NY,g36000901
NY,g36000906
NY,g36000904
NY,g36000905
NY,g36003201
NY,g36003204
NY,g36003205
NY,g36003211
NY,g36003206
NY,g36003207
NY,g36003209
NY,g36003212
NY,g36003210
NY,g36003202
NY,g36003203
NY,g36003208
NY,g36003810
NY,g36003809
NY,g36003808
NY,g36003807
NY,g36003805
NY,g36003806
NY,g36003804
NY,g36003803
NY,g36003802
NY,g36003801
NY,g36001101
NY,g36001102
NY,g36000402
NY,g36000701
NY,g36000702
NY,g36000703
NY,g36001400
NY,g36002901
NY,g36002902
NY,g36002903
NY,g36000600
NY,g36003101
NY,g36004109
NY,g36004111
NY,g36004101
NY,g36004113
NY,g36004112
NY,g36004106
NY,g36004107
NY,g36004102
NY,g36004105
NY,g36004103
NY,g36004110
NY,g36004108
NY,g36004114
NY,g36004104
NY,g36001900
NY,g36003903
NY,g36003902
NY,g36003901
NY,g36003001
NY,g36003002
NY,g36003003
NY,g36000100
NY,g36001802
NY,g36001801
NY,g36001700
NY,g36000800
NY,g36003301
NY,g36003302
NY,g36003313
NY,g36003312
NY,g36003303
NY,g36003310
NY,g36003309
NY,g36003311
NY,g36003304
NY,g36003308
NY,g36003307
NY,g36003306
NY,g36003305
NY,g36002701
NY,g36002300
NY,g36002702
NY,g36000300
NY,g36003106
NY,g36003107
NY,g36003104
NY,g36003105
NY,g36003102
NY,g36003103
NC,g37001600
NC,g37002000
NC,g37000200
NC,g37005300
NC,g37000100
NC,g37004400
NC,g37000800
NC,g37004900
NC,g37004800
NC,g37002201
NC,g37002202
NC,g37002100
NC,g37003300
NC,g37003200
NC,g37000700
NC,g37000400
NC,g37002800
NC,g37001500
NC,g37002400
NC,g37002700
NC,g37002600
NC,g37004300
NC,g37005001
NC,g37005003
NC,g37005002
NC,g37003500
NC,g37001900
NC,g37003900
NC,g37001302
NC,g37001301
NC,g37000900
NC,g37001802
NC,g37001801
NC,g37001803
NC,g37000500
NC,g37003001
NC,g37003002
NC,g37002300
NC,g37001000
NC,g37001701
NC,g37001702
NC,g37001703
NC,g37001704
NC,g37000600
NC,g37003800
NC,g37002500
NC,g37005200
NC,g37002900
NC,g37001100
NC,g37004100
NC,g37003101
NC,g37003103
NC,g37003107
NC,g37003104
NC,g37003105
NC,g37003102
NC,g37003106
NC,g37003108
NC,g37003700
NC,g37004700
NC,g37004600
NC,g37004500
NC,g37001400
NC,g37004200
NC,g37003600
NC,g37005100
NC,g37000300
NC,g37003400
NC,g37005400
NC,g37001201
NC,g37001207
NC,g37001202
NC,g37001204
NC,g37001205
NC,g37001208
NC,g37001206
NC,g37001203
NC,g37004000
ND,g38000100
ND,g38000200
ND,g38000300
ND,g38000500
ND,g38000400
OH,g39005200
OH,g39002500
OH,g39002100
OH,g39001300
OH,g39005000
OH,g39002600
OH,g39003500
OH,g39005700
OH,g39005402
OH,g39005403
OH,g39005401
OH,g39003300
OH,g39002700
OH,g39004300
OH,g39005600
OH,g39003400
OH,g39002900
OH,g39002300
OH,g39000905
OH,g39000906
OH,g39000908
OH,g39000901
OH,g39000910
OH,g39000907
OH,g39000902
OH,g39000903
OH,g39000904
OH,g39000909
OH,g39004500
OH,g39000100
OH,g39004000
OH,g39000700
OH,g39003900
OH,g39004800
OH,g39004105
OH,g39004106
OH,g39004104
OH,g39004107
OH,g39004110
OH,g39004103
OH,g39004102
OH,g39004101
OH,g39004111
OH,g39004109
OH,g39004108
OH,g39000200
OH,g39001200
OH,g39004700
OH,g39005504
OH,g39005505
OH,g39005503
OH,g39005502
OH,g39005501
OH,g39005506
OH,g39005507
OH,g39002400
OH,g39003000
OH,g39004900
OH,g39002800
OH,g39001000
OH,g39001100
OH,g39005100
OH,g39003800
OH,g39000802
OH,g39000801
OH,g39000500
OH,g39000400
OH,g39000600
OH,g39000300
OH,g39004200
OH,g39001500
OH,g39001400
OH,g39001900
OH,g39004400
OH,g39003600
OH,g39004602
OH,g39004603
OH,g39004604
OH,g39004601
OH,g39003700
OH,g39001700
OH,g39002200
OH,g39003200
OH,g39003100
OH,g39001803
OH,g39001804
OH,g39001805
OH,g39001802
OH,g39001801
OH,g39001600
OH,g39005302
OH,g39005301
OH,g39002000
OK,g40000200
OK,g40000500
OK,g40000702
OK,g40000400
OK,g40000602
OK,g40000800
OK,g40000701
OK,g40000300
OK,g40000900
OK,g40000601
OK,g40000100
OK,g40001204
OK,g40001501
OK,g40001601
OK,g40001400
OK,g40001101
OK,g40001102
OK,g40001302
OK,g40001006
OK,g40001001
OK,g40001005
OK,g40001002
OK,g40001004
OK,g40001003
OK,g40001301
OK,g40001203
OK,g40001201
OK,g40001202
OR,g41000100
OR,g41000600
OR,g41001319
OR,g41001318
OR,g41001317
OR,g41000500
OR,g41000800
OR,g41000200
OR,g41000400
OR,g41001000
OR,g41000300
OR,g41000901
OR,g41000902
OR,g41000705
OR,g41000704
OR,g41000703
OR,g41001104
OR,g41001103
OR,g41001105
OR,g41001303
OR,g41001305
OR,g41001302
OR,g41001301
OR,g41001314
OR,g41001316
OR,g41001200
OR,g41001324
OR,g41001320
OR,g41001321
OR,g41001323
OR,g41001322
PA,g42003701
PA,g42001701
PA,g42001702
PA,g42001802
PA,g42001803
PA,g42001801
PA,g42001807
PA,g42001806
PA,g42001805
PA,g42001804
PA,g42001900
PA,g42001501
PA,g42001502
PA,g42003800
PA,g42002702
PA,g42002701
PA,g42002703
PA,g42002200
PA,g42000400
PA,g42003004
PA,g42003003
PA,g42003002
PA,g42003001
PA,g42001600
PA,g42002100
PA,g42000300
PA,g42002801
PA,g42001200
PA,g42003401
PA,g42003402
PA,g42003403
PA,g42003404
PA,g42001300
PA,g42000900
PA,g42000803
PA,g42000200
PA,g42002302
PA,g42002301
PA,g42002401
PA,g42002402
PA,g42003302
PA,g42003303
PA,g42003304
PA,g42003301
PA,g42000101
PA,g42000102
PA,g42003900
PA,g42003702
PA,g42004002
PA,g42001100
PA,g42000701
PA,g42000702
PA,g42003501
PA,g42003503
PA,g42003502
PA,g42003504
PA,g42002500
PA,g42002803
PA,g42002802
PA,g42002901
PA,g42000802
PA,g42000801
PA,g42001400
PA,g42000600
PA,g42003105
PA,g42003102
PA,g42003106
PA,g42003104
PA,g42003103
PA,g42003101
PA,g42001000
PA,g42002902
PA,g42003209
PA,g42003211
PA,g42003210
PA,g42003208
PA,g42003207
PA,g42003205
PA,g42003203
PA,g42003206
PA,g42003204
PA,g42003202
PA,g42003201
PA,g42000500
PA,g42002600
PA,g42004001
PA,g42002001
PA,g42002003
PA,g42002002
PA,g42003601
PA,g42003602
PA,g42003603
RI,g44000300
RI,g44000201
RI,g44000103
RI,g44000104
RI,g44000102
RI,g44000101
RI,g44000400
SC,g45001600
SC,g45001500
SC,g45001300
SC,g45000200
SC,g45001400
SC,g45001203
SC,g45001202
SC,g45001204
SC,g45001201
SC,g45000605
SC,g45000400
SC,g45000700
SC,g45000800
SC,g45000900
SC,g45001000
SC,g45000603
SC,g45000104
SC,g45000103
SC,g45000102
SC,g45000105
SC,g45001101
SC,g45001102
SC,g45000602
SC,g45000601
SC,g45000101
SC,g45000604
SC,g45000301
SC,g45000302
SC,g45000502
SC,g45000501
SD,g46000400
SD,g46000200
SD,g46000300
SD,g46000100
SD,g46000500
SD,g46000600
TN,g47001601
TN,g47002700
TN,g47000200
TN,g47002100
TN,g47001700
TN,g47001900
TN,g47000900
TN,g47000600
TN,g47001200
TN,g47000400
TN,g47003000
TN,g47000700
TN,g47001400
TN,g47002200
TN,g47000100
TN,g47000800
TN,g47002502
TN,g47002501
TN,g47002503
TN,g47002505
TN,g47002504
TN,g47002900
TN,g47003100
TN,g47002800
TN,g47002001
TN,g47002002
TN,g47002003
TN,g47001000
TN,g47001500
TN,g47001603
TN,g47001604
TN,g47001602
TN,g47001800
TN,g47000300
TN,g47002401
TN,g47002402
TN,g47003201
TN,g47003202
TN,g47003204
TN,g47003203
TN,g47003207
TN,g47003208
TN,g47003205
TN,g47003206
TN,g47001100
TN,g47000500
TN,g47001300
TN,g47002600
TN,g47002300
TX,g48001800
TX,g48003200
TX,g48004000
TX,g48006500
TX,g48000600
TX,g48000100
TX,g48006100
TX,g48005000
TX,g48000400
TX,g48005100
TX,g48003502
TX,g48003501
TX,g48005901
TX,g48005902
TX,g48005912
TX,g48005913
TX,g48005916
TX,g48005915
TX,g48005903
TX,g48005907
TX,g48005906
TX,g48005905
TX,g48005904
TX,g48005908
TX,g48005914
TX,g48005910
TX,g48005909
TX,g48005911
TX,g48006000
TX,g48002800
TX,g48003700
TX,g48001100
TX,g48004801
TX,g48004802
TX,g48004803
TX,g48003602
TX,g48006900
TX,g48002600
TX,g48003601
TX,g48003400
TX,g48005600
TX,g48006701
TX,g48006702
TX,g48006703
TX,g48001300
TX,g48004400
TX,g48001700
TX,g48001907
TX,g48001906
TX,g48001905
TX,g48001904
TX,g48001901
TX,g48001903
TX,g48001902
TX,g48005800
TX,g48000800
TX,g48002306
TX,g48002313
TX,g48002312
TX,g48002315
TX,g48002314
TX,g48002316
TX,g48002311
TX,g48002307
TX,g48002305
TX,g48002304
TX,g48002321
TX,g48002319
TX,g48002309
TX,g48002310
TX,g48002322
TX,g48002320
TX,g48002318
TX,g48002317
TX,g48002303
TX,g48002301
TX,g48002302
TX,g48002308
TX,g48001000
TX,g48002006
TX,g48002004
TX,g48002003
TX,g48002005
TX,g48002002
TX,g48002001
TX,g48005500
TX,g48006200
TX,g48006400
TX,g48003100
TX,g48002101
TX,g48003305
TX,g48003304
TX,g48003306
TX,g48003303
TX,g48003302
TX,g48003301
TX,g48002200
TX,g48004901
TX,g48004905
TX,g48004902
TX,g48004904
TX,g48004903
TX,g48004702
TX,g48004701
TX,g48001600
TX,g48005700
TX,g48004200
TX,g48004602
TX,g48004601
TX,g48004608
TX,g48004609
TX,g48004607
TX,g48004606
TX,g48004626
TX,g48004625
TX,g48004627
TX,g48004624
TX,g48004622
TX,g48004623
TX,g48004603
TX,g48004604
TX,g48004618
TX,g48004619
TX,g48004605
TX,g48004617
TX,g48004616
TX,g48004620
TX,g48004621
TX,g48004615
TX,g48004614
TX,g48004613
TX,g48004612
TX,g48004638
TX,g48004636
TX,g48004637
TX,g48004635
TX,g48004632
TX,g48004611
TX,g48004610
TX,g48004628
TX,g48004633
TX,g48004634
TX,g48004631
TX,g48004629
TX,g48004630
TX,g48001200
TX,g48005400
TX,g48006806
TX,g48006807
TX,g48006805
TX,g48006803
TX,g48006802
TX,g48006801
TX,g48006804
TX,g48003900
TX,g48000900
TX,g48004100
TX,g48004301
TX,g48004302
TX,g48002102
TX,g48001400
TX,g48000502
TX,g48000501
TX,g48003801
TX,g48003802
TX,g48003000
TX,g48004502
TX,g48004503
TX,g48004504
TX,g48004501
TX,g48006602
TX,g48006601
TX,g48006603
TX,g48002400
TX,g48000200
TX,g48000300
TX,g48001502
TX,g48001501
TX,g48002512
TX,g48002515
TX,g48002509
TX,g48002507
TX,g48002508
TX,g48002514
TX,g48002513
TX,g48002516
TX,g48002506
TX,g48002502
TX,g48002505
TX,g48002504
TX,g48002503
TX,g48002510
TX,g48002501
TX,g48002511
TX,g48002700
TX,g48002900
TX,g48005306
TX,g48005303
TX,g48005304
TX,g48005307
TX,g48005305
TX,g48005308
TX,g48005309
TX,g48005302
TX,g48005301
TX,g48006301
TX,g48006302
TX,g48000700
TX,g48005201
TX,g48005204
TX,g48005203
TX,g48005202
UT,g49021001
UT,g49003001
UT,g49005001
UT,g49013001
UT,g49011001
UT,g49011002
UT,g49035002
UT,g49035001
UT,g49035004
UT,g49035005
UT,g49035008
UT,g49035007
UT,g49035009
UT,g49035006
UT,g49035003
UT,g49049001
UT,g49049004
UT,g49049002
UT,g49049003
UT,g49053001
UT,g49057001
UT,g49057002
VT,g50000400
VT,g50000200
VT,g50000100
VT,g50000300
VA,g51051125
VA,g51051090
VA,g51051089
VA,g51051045
VA,g51051105
VA,g51051095
VA,g51001301
VA,g51001302
VA,g51051080
VA,g51051020
VA,g51051010
VA,g51051096
VA,g51051120
VA,g51051215
VA,g51004101
VA,g51004102
VA,g51004103
VA,g51051084
VA,g51051087
VA,g51051135
VA,g51059302
VA,g51059304
VA,g51059306
VA,g51059303
VA,g51059301
VA,g51059305
VA,g51059308
VA,g51059307
VA,g51059309
VA,g51051040
VA,g51051225
VA,g51051224
VA,g51051097
VA,g51051145
VA,g51051206
VA,g51010703
VA,g51010702
VA,g51010701
VA,g51051085
VA,g51051246
VA,g51051244
VA,g51051245
VA,g51051044
VA,g51051110
VA,g51051115
VA,g51051255
VA,g51055001
VA,g51055002
VA,g51051186
VA,g51051175
VA,g51051154
VA,g51051155
VA,g51051235
VA,g51051164
VA,g51051165
VA,g51051167
WA,g53010600
WA,g53010701
WA,g53010703
WA,g53010702
WA,g53010300
WA,g53011900
WA,g53011104
WA,g53011102
WA,g53011103
WA,g53011101
WA,g53011200
WA,g53010400
WA,g53010800
WA,g53011300
WA,g53010200
WA,g53011602
WA,g53011601
WA,g53011603
WA,g53011604
WA,g53011605
WA,g53011606
WA,g53011607
WA,g53011616
WA,g53011608
WA,g53011609
WA,g53011610
WA,g53011611
WA,g53011612
WA,g53011613
WA,g53011614
WA,g53011615
WA,g53011802
WA,g53011801
WA,g53011000
WA,g53011505
WA,g53011502
WA,g53011501
WA,g53011504
WA,g53011507
WA,g53011506
WA,g53011503
WA,g53011703
WA,g53011702
WA,g53011701
WA,g53011704
WA,g53011705
WA,g53011706
WA,g53010501
WA,g53010502
WA,g53010504
WA,g53010503
WA,g53011401
WA,g53011402
WA,g53010100
WA,g53010901
WA,g53010902
WV,g54000500
WV,g54000400
WV,g54000900
WV,g54000600
WV,g54000100
WV,g54000800
WV,g54001000
WV,g54000200
WV,g54001200
WV,g54001100
WV,g54001300
WV,g54000300
WV,g54000700
WI,g55001601
WI,g55000100
WI,g55055101
WI,g55000200
WI,g55000300
WI,g55000700
WI,g55001401
WI,g55055103
WI,g55001000
WI,g55000103
WI,g55000101
WI,g55000102
WI,g55001001
WI,g55001300
WI,g55055102
WI,g55000600
WI,g55000800
WI,g55001400
WI,g55010000
WI,g55001301
WI,g55000900
WI,g55001600
WI,g55041001
WI,g55041002
WI,g55041003
WI,g55040101
WI,g55041004
WI,g55041005
WI,g55040701
WI,g55040301
WI,g55001500
WI,g55020000
WI,g55030000
WI,g55002400
WI,g55002500
WI,g55050000
WI,g55070201
WI,g55070101
WI,g55070301
WI,g55001501
WY,g56000300
WY,g56000100
WY,g56000200
WY,g56000400
WY,g56000500
